<?xml version="1.0" encoding="UTF-8" standalone="yes"?>
<addon id="plugin.video.teqware" name="TEQWARE Wizard" version="1.3.1" provider-name="TEQWARE">
  <requires>
    <import addon="xbmc.python" version="2.1.0"/>
  </requires>
  <extension point="xbmc.python.pluginsource" library="default.py">
        <provides>video executable</provides>
  </extension>
  <extension point="xbmc.addon.metadata">
		<summary lang="en">TEQWARE Wizard</summary>
		<description lang="en">In this wizard you will find the latest TEQWARE build</description>
		<disclaimer lang="en"></disclaimer>
		<platform>all</platform>
	</extension>
</addon>
